Workbook

Sheet Registro de ventas
A1: Fecha Comprador | B1: Comprador | C1: N. Pollo | D1: Peso (Lb) | E1: Precio por Libra | F1: Total del Pollo | G1: Estado de Pago
A2: 46317 | B2: Johan Valencia | C2: 1 | D2: 4.5 | E2: =7000 -> 7000 | F2: =D2*E2 -> 31500 | G2: Pendiente
A3: 46320 | B3: Johan Valencia | C3: 2 | D3: 5 | E3: =7000 -> 7000 | F3: =D3*E3 -> 35000 | G3: Pagado
A4: 46320 | B4: James Valencia | C4: 3 | D4: 15 | E4: =7000 -> 7000 | F4: =D4*E4 -> 105000 | G4: Pendiente
A5: 46320 | B5: James Valencia | C5: 2 | D5: 10 | E5: =7000 -> 7000 | F5: =D5*E5 -> 70000 | G5: Pagado
A6: 46320 | B6: Daniela Salgado | C6: 1 | D6: 1 | E6: =7000 -> 7000 | F6: =D6*E6 -> 7000 | G6: Pendiente
A7: 46322 | B7: Jackelyn Valencia | C7: 3 | D7: 10 | E7: =7000 -> 7000 | F7: =D7*E7 -> 70000 | G7: Pagado
A8: 46322 | B8: Jackelyn Valencia | C8: 3 | D8: 9 | E8: =7000 -> 7000 | F8: =D8*E8 -> 63000 | G8: Pendiente

Sheet Resumen de cuentas
A1: RESUMEN DE VENTAS | D1: Estado | E1: valor
D2: Pagado | E2: =B4 -> 175000
A3: Total vendido | B3: =SUM('Registro de ventas'!F:F) -> 381500 | D3: Pendiente | E3: =B5 -> 206500
A4: Dinero recibido | B4: =SUMIF('Registro de ventas'!G:G,"Pagado",'Registro de ventas'!F:F) -> 175000
A5: Dinero pendiente | B5: =SUMIF('Registro de ventas'!G:G,"Pendiente",'Registro de ventas'!F:F) -> 206500
A6: Cantidad de pollos vendidos | B6: =COUNTA('Registro de ventas'!C:C)-1 -> 7 | D6: Comprador | E6: Total vendido | F6: Pagado | G6: Debe
A7: total de libras vendidas | B7: =SUM('Registro de ventas'!D:D) -> 54.5 | D7: {=_xlfn.UNIQUE('Registro de ventas'!B2:B993)} -> Johan Valencia | E7: {=SUMIF('Registro de ventas'!B2:B993,_xlfn.ANCHORARRAY(D7),'Registro de ventas'!F2:F993)} -> 66500 | F7: {=SUMIFS('Registro de ventas'!F2:F993,'Registro de ventas'!B2:B993,_xlfn.ANCHORARRAY(D7),'Registro de ventas'!G2:G993,"Pagado")} -> 35000 | G7: {=_xlfn.ANCHORARRAY(E7)-_xlfn.ANCHORARRAY(F7)} -> 31500
D8: James Valencia | E8: 175000 | F8: 70000 | G8: 105000
D9: Daniela Salgado | E9: 7000 | F9: 0 | G9: 7000
D10: Jackelyn Valencia | E10: 133000 | F10: 70000 | G10: 63000
D11: 0 | E11: 0 | F11: 0 | G11: 0

Sheet Dashboard
B1: 🐔CONTROL DE VENTAS DE POLLOS
B2: Resumen general del negocio
B4: TOTAL VENDIDO | D4: DINERO RECIBIDO
B5: ='Resumen de cuentas'!B3 -> 381500 | D5: ='Resumen de cuentas'!B4 -> 175000
B7: DINERO PENDIENTE | D7: POLLOS VENDIDOS
B8: ='Resumen de cuentas'!B5 -> 206500 | D8: ='Resumen de cuentas'!B6 -> 7
